{"version":2,"languages":{"nodejs-npm":{"specfileHash":"c1627bd7ebce2a68da4e7712621c964d","lockfileHash":"5c64a92049930062ec358d35e1c19b5d","guessedImports":["@vitejs/plugin-react-refresh","react","react-dom","react-month-year-picker","react-chartjs-2","chart.js"],"guessedImportsHash":"122f48fae4fade89d9757ac82a5c7fa6"},"nodejs-yarn":{"specfileHash":"36fe129750f9b571f62775768dfd2747","lockfileHash":"8cd20b0f91e5e007eadff22a3178e342","guessedImports":["@vitejs/plugin-react-refresh","react","react-dom"],"guessedImportsHash":"24f6f3418ae857900ebf7b7e00dc4a7b"}}}
